Date,Adj Close
2020-01-31,74.47566223
2020-02-29,65.93318939
2020-03-31,61.33359528
2020-04-30,70.86322021
2020-05-31,76.89326477
2020-06-30,88.22630310
2020-07-31,102.79521942
2020-08-31,125.05756378
2020-09-30,112.23584747
2020-10-31,105.50034332
2020-11-30,115.57491302
2020-12-31,128.81675720
2021-01-31,128.10809326
2021-02-28,117.89632416
2021-03-31,118.76161957
2021-04-30,127.81336212
2021-05-31,121.35916901
2021-06-30,133.38700867
2021-07-31,142.05479431
2021-08-31,148.09062195
2021-09-30,138.01498413
2021-10-31,146.11059570
2021-11-30,161.46417236
2021-12-31,173.44944763
2022-01-31,170.72418213
2022-02-28,161.49385071
2022-03-31,170.77542114
2022-04-30,154.18786621
2022-05-31,145.78524780
2022-06-30,133.91395569
2022-07-31,159.17460632
2022-08-31,154.20712280
2022-09-30,135.55163574
2022-10-31,150.40150452
2022-11-30,145.43411255
2022-12-31,127.65150452
2023-01-31,141.75968933
2023-02-28,145.04609680
2023-03-31,162.25563049
2023-04-30,166.95899963
2023-05-31,174.64880371
2023-06-30,191.12345886
2023-07-31,193.56704712
2023-08-31,185.36291504
2023-09-30,168.92527771
2023-10-31,168.49114990
2023-11-30,187.66210938
2023-12-31,190.21101379
2024-01-31,182.17895508
2024-02-29,178.80078125
2024-03-31,169.63073730
2024-04-30,168.49314880
2024-05-31,190.43470764
2024-06-30,208.63122559
2024-07-31,219.98304749
2024-08-31,227.10026550
2024-09-30,231.06706238
2024-10-31,224.03588867
2024-11-30,235.62010193
2024-12-31,248.61579895
2025-01-31,234.29969788
2025-02-28,240.36158752
2025-03-31,220.77209473
2025-04-30,211.20095825
2025-05-31,199.88395691
2025-06-30,204.18315125
2025-07-31,206.57162476
2025-08-31,231.28562927
2025-09-30,253.69288635
2025-10-31,269.37493896
2025-11-30,278.09304810
2025-12-31,271.12200928
