lag,acf,acf_ci_lower,acf_ci_upper,pacf,pacf_ci_lower,pacf_ci_upper,acf_significant,pacf_significant
0,1,1,1,1,1,1,True,True
1,0.8503136905,0.650275704,1.050351677,0.8503136905,0.650275704,1.050351677,True,True
2,0.666813824,0.353956284,0.979671364,-0.202983113,-0.4030210995,-0.002945126447,True,True
3,0.552302638,0.1869745554,0.9176307207,0.1612073597,-0.03883062681,0.3612453462,True,False
4,0.499300414,0.1019631076,0.8966377204,0.09473537169,-0.1053026148,0.2947733582,True,False
5,0.46908939,0.04739212408,0.8907866559,0.0476163665,-0.15242162,0.247654353,True,False
6,0.4456110344,0.003526359024,0.8876957097,0.05573847705,-0.1442995095,0.2557764636,True,False
7,0.4420765258,-0.0176303706,0.9017834223,0.1104522032,-0.08958578335,0.3104901897,False,False
8,0.4415870988,-0.0348275342,0.9180017319,0.0361715576,-0.1638664289,0.2362095441,False,False
9,0.462705359,-0.02981546523,0.9552261832,0.1529812802,-0.04705670633,0.3530192667,False,False
10,0.4326197964,-0.07699865804,0.9422382507,-0.1534798299,-0.3535178164,0.04655815662,False,False
11,0.3765755004,-0.1475327406,0.9006837414,0.0134853663,-0.1865526202,0.2135233528,False,False
12,0.3329026006,-0.2019230596,0.8677282607,0.01134603574,-0.1886919508,0.2113840222,False,False
13,0.3218477819,-0.2212063464,0.8649019102,0.0556075808,-0.1444304057,0.2556455673,False,False
14,0.2990102763,-0.2516237347,0.8496442873,-0.09457823285,-0.2946162194,0.1054597537,False,False
15,0.2756688561,-0.2814245858,0.8327622979,0.05424511804,-0.1457928685,0.2542831046,False,False
16,0.243923253,-0.3186021935,0.8064486995,-0.09762927094,-0.2976672575,0.1024087156,False,False
17,0.1495613924,-0.4171806746,0.7163034594,-0.2554305905,-0.455468577,-0.05539260394,False,True
18,0.0875970868,-0.4807221361,0.6559163098,0.07942208415,-0.1206159024,0.2794600707,False,False
19,0.06843227067,-0.5004269671,0.6372915084,-0.001399015476,-0.201437002,0.198638971,False,False
20,0.07056372653,-0.4986248299,0.6397522829,-0.004267790965,-0.2043057775,0.1957701956,False,False
21,0.1095255687,-0.4600129315,0.6790640689,0.2032028174,0.003164830864,0.4032408039,False,True
22,0.1581596753,-0.4122210184,0.7285403691,0.01107073105,-0.1889672555,0.2111087176,False,False
23,0.1956825675,-0.376450332,0.767815467,0.07462654052,-0.125411446,0.274664527,False,False
24,0.1652821287,-0.4095226658,0.7400869233,-0.1504084159,-0.3504464024,0.04962957061,False,False
